{
    "window_0": {
        "hidden_size": 44,
        "dropout": 0.3237404049738401,
        "learning_rate": 0.009792066100862524
    },
    "val_loss": 0.6611794829368591
}