{
    "window_0": {
        "hidden_size": 178,
        "dropout": 0.3054946382455636,
        "learning_rate": 0.0018533133051852053
    },
    "val_loss": 0.8953984379768372
}